node_index,module,strength,strength_z,participation_coefficient,hub_class
67,2,18.610849560622526,1.850045871847244,0.4571511295510883,connector_hub
11,2,18.604422161171062,1.8482326951084367,0.333166221736801,connector_hub
76,2,18.11207911363333,1.709342158111316,0.5387044009675596,connector_hub
55,1,17.874759780199195,1.6423941026339204,0.6409732133994022,connector_hub
74,2,17.849418020236243,1.635245163155016,0.4102734444691878,connector_hub
64,2,17.716779498191304,1.5978276843352013,0.4237832551654812,connector_hub
28,2,17.38193495839088,1.5033676565638723,0.552894467216728,connector_hub
9,2,17.162392770939856,1.4414345543070393,0.48535261165474153,connector_hub
58,2,17.15213290919278,1.4385402355699426,0.47356473575488434,connector_hub
8,1,17.14453710753988,1.4363974512333482,0.592940959804618,connector_hub
59,2,17.00632451441153,1.3974075205836427,0.37373069128279335,connector_hub
14,2,16.898026776163142,1.3668566047209794,0.32464473514315717,connector_hub
10,2,16.646617723257172,1.2959338232606161,0.4000577537516221,connector_hub
60,2,16.64305265767549,1.2949281141812534,0.3220308001463932,connector_hub
2,1,16.488409507267793,1.2513031045249414,0.5908325735246123,connector_hub
