node_index,region_name,module_label,strength,strength_z,participation_coefficient
88,7Networks_RH_Cont_pCun_1,3,228.40794165273314,1.9788997704400602,0.8388516342270917
49,7Networks_LH_Default_pCunPCC_2,0,197.69365109967845,0.9952091063793261,0.8375918150848148
36,7Networks_LH_Cont_Cing_1,0,180.39010627009645,0.4410261772762043,0.8374155329990376
99,7Networks_RH_Default_pCunPCC_2,2,169.1183589967846,0.0800244298565114,0.8356989170608975
35,7Networks_LH_Cont_pCun_1,5,189.42699817363342,0.7304519148585182,0.8347162191501699
19,7Networks_LH_DorsAttn_Post_5,0,209.0469182990354,1.3588217033007184,0.8341147662383501
86,7Networks_RH_Cont_Cing_1,2,180.44186304501608,0.44268379838265254,0.8335499976870867
70,7Networks_RH_DorsAttn_Post_5,4,218.92591979421223,1.675217796652156,0.8301459905060872
98,7Networks_RH_Default_pCunPCC_1,3,156.88134012540198,-0.3118921992748398,0.8281981623842113
48,7Networks_LH_Default_pCunPCC_1,5,163.90460528617362,-0.0869571529015493,0.8273621853294578
