node_index,module,strength,strength_z,participation_coefficient,hub_class
75,0,231.41787559485533,2.0752993246863376,0.8131253864127479,connector_hub
88,5,228.40794165273314,1.9788997704400602,0.8388516342270917,connector_hub
70,0,218.92591979421223,1.675217796652156,0.8301459905060872,connector_hub
17,3,218.87140724115758,1.673471915873261,0.8254692047810145,connector_hub
69,5,217.0189432700965,1.6141428061647374,0.8161805458552096,connector_hub
45,4,216.90914184887458,1.6106261814596987,0.8067230761656375,connector_hub
77,6,214.3211396334405,1.5277398906794024,0.8175592574286574,connector_hub
42,4,213.59380799356913,1.504445543620284,0.795366048372987,connector_hub
85,0,210.96801448553055,1.4203489060910166,0.8069122639696742,connector_hub
19,2,209.0469182990354,1.3588217033007184,0.8341147662383501,connector_hub
29,2,208.40722640836012,1.3383342061323988,0.821450790392235,connector_hub
14,2,208.31437154983922,1.3353603312424058,0.8142336235328012,connector_hub
71,0,207.9929615819936,1.3250664915015964,0.8018186299959104,connector_hub
22,3,207.5391754533762,1.3105330228730396,0.8153396817382649,connector_hub
24,3,205.54755298392283,1.246747065448735,0.8167115419661661,connector_hub
