n_subjects_per_group,group,offdiag_mean,offdiag_std
129,Young,0.22064449753753343,0.10401600525535187
129,Middle Age,0.20348053540057012,0.09672307277651479
129,Old,0.19263299309388363,0.0961216314652723
