n_subjects_per_group,group,offdiag_mean,offdiag_std
40,Young,0.2239608722066296,0.10428317615187639
40,Middle Age,0.2189581176186846,0.10164226089947764
40,Old,0.19632420245658774,0.09446851574582496
