n_subjects_per_group,group,offdiag_mean,offdiag_std
20,Young,0.22331376451852789,0.10556807653530098
20,Middle Age,0.20326878558700845,0.10104332536044788
20,Old,0.1968617891272199,0.09616214102488542
