n_subjects_per_group,group,offdiag_mean,offdiag_std
10,Young,0.2213439105612872,0.1077237135653438
10,Middle Age,0.22271789430755778,0.10712703784557777
10,Old,0.1810350649491874,0.09914987832030327
