dataset,n_nodes,max_phi_norm,k_at_max
FC_<55,100,2.0562739641667602,67
FC_>=55,100,1.438655552924976,67
