,Age,PC1,PC2,PC3,PC4,PC5
Age,1.0,-0.6269688496324344,0.26735944092525094,-0.19091119120322717,0.020589621948389793,-0.09707304074983232
PC1,-0.6269688496324344,1.0,8.640759863467558e-17,1.4437094080781617e-16,3.971953148318237e-17,-6.509916242093922e-17
PC2,0.26735944092525094,8.640759863467558e-17,1.0,1.8438492385729371e-16,1.3416362252941234e-16,8.317792327464189e-17
PC3,-0.19091119120322717,1.4437094080781617e-16,1.8438492385729371e-16,1.0,-4.631573856954328e-16,1.2568721590115435e-16
PC4,0.020589621948389793,3.971953148318237e-17,1.3416362252941234e-16,-4.631573856954328e-16,1.0,-4.830856405660626e-16
PC5,-0.09707304074983232,-6.509916242093922e-17,8.317792327464189e-17,1.2568721590115435e-16,-4.830856405660626e-16,1.0
